galaxy,mass,sfr,T_e_o_iii,T_e_s_iii,T_e_o_ii,Z,Z_err_up,Z_err_down,log_S_O,log_S_O_err_up,log_S_O_err_down,log_Ar_O,log_Ar_O_err_up,log_Ar_O_err_down,log_Ne_O,log_Ne_O_err_up,log_Ne_O_err_down,log_Fe_O,log_Fe_O_err_up,log_Fe_O_err_down
J0021+0052_APO_SDSS,9.09,1.07,12367.465857955203,11964.996662102818,11657.226100568641,8.14888153390931,0.00821963092111803,0.005750622426938191,,,,-2.147258306483283,0.00865314190515145,0.008676085701097118,-0.4343016089375564,0.011890736402599952,0.011265236900768692,-1.6006402894988978,0.0235020346545618,0.022677740211320917
J0036-3333_VLT_MUSE,9.14,1.01,,,,,,,,,,,,,,,,,,
J0127-0619_VLT_VIMOS,8.74,-0.75,18419.74143140252,16988.38538806409,15893.819001981763,7.563517503049943,,0.0028211477660411185,,,,-1.9254109457983373,0.0074463665638943785,0.00686138032271579,,,,,,
J0144+0453_MMT,7.65,-0.81,,,,,,,,,,,,,,,,,,
J0337-0502_VLT_MUSE,7.06,-0.32,,,,,,,,,,,,,,,,,,
J0405-3648_VLT_MUSE,6.61,-1.81,,,,,,,,,,,,,,,,,,
J0808+3948_LBT_MODS,9.12,1.26,,,,,,,,,,,,,,,,,,
J0823+2806_APO_SDSS,9.38,1.48,10993.01693375783,10824.204055018998,10695.11185363048,8.243508994536416,0.004164790604814518,0.003212641544060355,,,,-2.1974726537528126,0.010234561442473969,0.010912030963393365,-0.37754169333945004,0.007371570658156291,0.006110713998569929,-1.4476816250091515,0.027555142855196592,0.03014861482550281
J0926+4427_APO_SDSS,8.76,1.03,14909.794135786862,14075.129132703096,13436.855895050803,7.95992266886623,0.026372071462536985,0.008601843387831896,,,,-2.1358527600142247,0.030921830765757063,0.030870128856703684,-0.4552194334162306,0.01870033433696758,0.015377186265047917,-1.328094202114525,0.1264742181743124,0.1334100105842415
J0934+5514_Keck_KCWI,6.27,-1.52,20596.679147302613,18795.243692261167,17417.67540311183,7.073848070336661,,0.0014625180957780403,,,,,,,,,,-0.5261607601728123,,
J0938+5428_APO_SDSS,9.15,1.05,11022.947962474924,10849.046808854186,10716.063573732446,8.248640961663924,0.007475191274374379,0.0037395352097428004,,,,-2.2545613389506785,0.015968395358194408,0.018748155966675773,-0.4557302780649975,0.00903195261090071,0.009020965615856899,-1.6044950513275797,0.05886021924824891,0.06530948662926224
J0940+2935_APO_SDSS,6.71,-2.01,12300.585560730844,11909.486015406601,11610.40989251159,8.08446677041859,,0.0027591129125964704,-1.7985538043671523,,0.01427837122778086,-2.0904725567322617,0.06707974171607572,0.06126362675064739,-0.5410552053448687,0.03060942719377933,0.0273830636191062,-2.341983981725289,,
J0942+3547_APO_SDSS,7.56,-0.76,12941.020059504513,12441.046649388745,12058.714041653158,8.033096838581638,,0.0027494995729696616,,,,-2.2355060300779575,0.01381950428339968,0.012891067061597674,-0.5859988761379951,0.006571909879812898,0.006955943421843578,-1.4580799482187115,,
J0944+3442_APO_SDSS,6.83,-0.78,15411.282440652238,14491.364425741356,13787.897708456565,7.715489450840941,,0.005341148317692161,,,,-2.029575134200352,0.1266043632242826,0.12014323921187375,-0.4832331333585388,0.033409499108783255,0.03808694148869316,-2.02624163880033,,
J0944-0038_LBT_MODS,8.19,-0.01,15650.575827062357,14689.977936461755,13955.40307894365,7.819469415640773,,0.0006663244847886156,-1.56083309989907,,0.001041091506906773,-2.268028468890738,0.0043627324478031256,0.003852501961576901,-0.7695281318606468,0.0020400012603726462,0.001828311267508699,-1.0528697029254208,,
J1016+3754_APO_SDSS,6.72,-1.17,17627.59061443254,16330.900209979009,15339.313430102779,7.569039636789273,,0.0035219252073946826,-1.7729475547258478,,0.006147187951287523,-2.295144733787471,0.010565782023322496,0.008633491345645072,-0.7274139504680831,0.0077953432773545245,0.007901508562561685,-1.0717053705881452,,
J1024+0524_APO_SDSS,7.89,0.21,15383.371906836377,14468.198682674192,13768.360334785464,7.789346144301758,0.003638881709836719,0.0026672481276135544,,,,-2.210034003670107,0.009558107286328993,0.011006185278704065,-0.6303303090050836,0.005225021514985142,0.00613385784838485,-1.054709177019417,0.0322820696030683,0.03876172327505494
J1025+3622_APO_SDSS,8.87,1.04,12418.20420184761,12007.109487533515,11692.742941293325,8.12821124506121,0.008661666871144186,0.004738782724258232,,,,-2.2781385740554523,0.019319836876513053,0.02224884957706092,-0.5490973509156841,0.010051375076533923,0.010477845751999896,-1.783369256356894,0.11451635141743685,0.1364397155209731
J1044+0353_APO_SDSS,6.8,-0.59,17739.78272614949,16424.019662704075,15417.847908304642,7.554914822813107,,0.003343801949761245,-2.00077602866528,,0.0036965136679281848,-2.429527967281279,0.0033259829720102044,0.003161881284858246,-0.7800625890171211,0.006469107233813292,0.006712180893726269,-0.9135343107577446,,
J1105+4444_APO_SDSS,8.98,0.69,11270.983361642691,11054.916190163432,10889.688353149882,8.21666498091274,0.004322768783749282,0.003550947110504399,,,,-2.2667120411498045,0.01076739609000419,0.010016137186211688,-0.4897521878143932,0.007030331290218378,0.006749951679348399,-1.5232306050018003,0.029435144588627334,0.02809325825669845
J1112+5503_APO_SDSS,9.59,1.6,6035.833033761614,6709.741418022139,7225.08312363313,9.065855864869668,0.05569889644524764,0.00565246142872364,,,,-2.218280563709407,0.09474662796779565,0.10268904027299149,0.0006768846957612317,0.01988541715410139,0.020012639369669367,-1.591184832352239,0.11504521525262548,0.1078690613673229
J1119+5130_APO_SDSS,6.77,-1.58,15703.859329413455,14734.203243413167,13992.701530589418,7.616267858922855,,0.003506906608044177,-1.7377708654012558,,0.012362677946490267,-2.3064072863585667,0.03823587995854566,0.04062171323006624,-0.6324859652079201,0.011744439575768154,0.012805093574518651,-1.3383301560709036,,
J1129+2034_APO_SDSS,8.09,-0.37,10498.8245514363,10414.024377692129,10349.17718600541,8.351356599249378,,0.0018729560776868188,-1.8267298515345631,,0.004067651724006525,-2.2634934405831606,0.008154859182667713,0.008119735715105571,-0.49430868726139565,0.0076160347265977705,0.0072779412514071915,-2.0854305006299283,,
J1132+1411_APO_SDSS,7.31,-1.07,10928.444888209293,10770.609257213713,10649.911421746505,8.22954952658552,0.004378054666574849,0.004281330994872371,,,,-2.3304658263896445,0.009979357361728612,0.010199857517117753,-0.5313476604723952,0.008517122516828795,0.008192283778278504,-1.6679373901756709,0.054192460802305345,0.05497464239611244
J1132+5722_APO_SDSS,8.68,0.44,18469.89343362969,17030.011549912644,15928.925403540783,7.38856375510328,,0.003251122867664677,-1.6079975166047478,,0.012083622716437308,-2.1098268466196752,0.04643305401933149,0.03995015305533047,-0.5318316682078394,0.015969229889956967,0.018923839937587745,-1.6671415386549773,,
J1144+4012_APO_SDSS,9.89,1.51,11083.054724220938,10898.935421103379,10758.138306954655,8.204292020429769,0.03154129906716068,0.004299296874363347,,,,-2.0983083425707107,0.031237426185841636,0.03592129006095545,-0.06508802011380443,0.03262969706814245,0.027789035648065456,,,
J1148+2546_LBT_MODS,8.14,0.53,13798.247073619632,13152.545071104294,12658.772951533741,7.997759756258352,0.0012039604865573912,0.0008515579941590778,-1.7463387195444982,0.0028124730023326243,0.0025655759956459035,-2.3494168845639987,0.008244182761225823,0.007755259695294255,-0.7157649846500339,0.0017977792430258729,0.001972693758480501,-1.1084072360679496,0.048486022469847505,0.05342801237160692
J1150+1501_APO_SDSS,6.84,-1.33,11808.4398901682,11501.005108839605,11265.90792311774,8.181264045388401,,0.0015198895863006768,-1.7543618742573008,,0.003044893272933502,-2.2086018567442958,0.004923186736814822,0.005191034982487995,-0.6746257829782188,0.004504500014803959,0.005095875940354785,-1.7059049785823954,,
J1157+3220_APO_SDSS,9.04,0.97,9201.287435171,9337.068571191929,9440.901204619699,8.511988409784443,,0.0017129848847199907,-1.867853338199253,,0.0038595940212388133,-2.181201140300903,0.017077421018325985,0.0137157171064898,-0.37643732918006245,0.007417624609601627,0.009046415331057957,-1.899584903163542,,
J1200+1343_APO_SDSS,8.12,0.75,12357.034131498367,11956.338329143644,11649.923892048857,8.144588404939368,0.007491822858126113,0.006822067037767512,,,,-2.241516138188707,0.01413454468814028,0.013761437930051508,-0.5917300602894954,0.01145829951124344,0.009817505589764804,-1.0885533395983673,0.05319067876959375,0.04965633065217991
J1225+6109_APO_SDSS,7.12,-1.08,13654.962123366193,13033.61856239394,12558.473486356334,8.025126597095404,,0.0027259580355160603,-1.835074212780698,,0.005010496242942086,-2.331512705675141,0.007688596134284728,0.006770762684125088,-0.7381555183140218,0.005759717508170957,0.0061350097222617785,-1.3534160564904185,,
J1253-0312_APO_SDSS,7.65,0.56,13904.74092069397,13240.934964175995,12733.318644485778,8.008677625185529,0.004211450679455045,0.005038414294459967,,,,-2.231296868611331,0.006129146872509837,0.005749782379688349,-0.70164303386731,0.006570400971474414,0.006760249744072983,-0.8072871196410759,0.018718274875304544,0.01755563694586255
J1314+3452_APO_SDSS,7.56,-0.67,11239.851898105111,11029.077075427242,10867.896328673578,8.320796444290611,,0.0021424995594077796,-1.8177056681498267,,0.003266924602988024,-2.2859063976514618,0.005107829309413294,0.005812500075884873,-0.5636697687835668,0.006360493966167812,0.006038996257861622,-1.8766908395071755,,
J1323-0132_LBT_MODS,6.31,-0.72,18129.89037812811,16747.80901384633,15690.923264689678,7.701595636111932,0.0006296590196255955,0.0006777645253177795,-1.7045726881813317,0.0023033248853182716,0.002173857429249393,-2.2250847062268044,0.0035671671846977697,0.0035327971630452234,-0.7312407771507673,0.001250621065302334,0.0012009721757229933,-0.2187800797604636,0.1293419739867646,0.12393431362138171
J1359+5726_APO_SDSS,8.41,0.42,13587.06300866288,12977.262297190191,12510.944106064017,7.983035286450724,0.005073837772558793,0.004532519062165649,,,,-2.2630124770617592,0.01530371612412655,0.015544282081746614,-0.5847102278981315,0.007226014004685993,0.00790913005135847,-1.3802856045727856,0.052804220466520814,0.05807991396184085
J1416+1223_APO_SDSS,9.59,1.57,10728.525902795449,10604.676499320221,10509.968131956814,8.187553094288745,0.01671699699802151,0.003297842863697001,,,,-1.8784782060149183,0.04786892682932046,0.04904143581988646,-0.2763112658318058,0.01948806954644594,0.02116409234965572,-1.777351620695765,0.08633233952611867,0.08933277796016227
J1418+2102_APO_SDSS,6.22,-1.13,18646.503218302896,17176.597671191405,16052.552252812027,7.502795380207161,,0.0037073986810263453,-1.9204973499004638,,0.004377545908147464,-2.3448646347566195,0.003246172795363178,0.0036207840275781066,-0.6932262335000857,0.006903479789785062,0.00733092989662256,-1.1773844484077984,,
J1428+1653_APO_SDSS,9.56,1.22,11209.331901904156,11003.74547858045,10846.532331332908,8.202651839011533,0.02763142592862507,0.006102173852501237,,,,-2.0625774967639523,0.03257694335264339,0.027393277459150357,-0.20078641446439827,0.018594465788277795,0.019811189467515786,-1.5852426065972491,0.08005979033097164,0.08797335146500836
J1429+0643_APO_SDSS,8.8,1.42,15093.345657025005,14227.476895330754,13565.341959917503,7.93450713747945,0.009832365084865477,0.005573624888468546,,,,-2.1251140405379796,0.014295443375370908,0.013039393912687484,-0.5063853910039098,0.009640847016119995,0.010376078887734057,-1.1833162906047698,0.0540302756952046,0.049246662244035046
J1444+4237_APO_BOSS,6.48,-1.94,17675.585803021175,16370.736216507574,15372.91006211482,7.414037750214161,,0.005918503898367873,-1.505450880795805,,0.040149919887190584,-2.276570856481023,0.0884833209810765,0.09842644195413973,-0.6481254557704228,0.029453669970008194,0.025789861500704992,-1.3378515664085673,,
J1448-0110_APO_SDSS,7.61,0.39,13276.642999268572,12719.613689392914,12293.650099487999,8.054126514544917,0.005129029915930609,0.006323719141716683,,,,-2.3195708464155187,0.009224894947016051,0.008817167266183649,-0.7249656147870904,0.008412121342498712,0.007923131650597628,-0.876259232399925,0.03774347444425083,0.039595572466996284
J1521+0759_APO_SDSS,9.0,0.95,8154.9083095272445,8468.573896907612,8708.43581666907,8.716155006048366,0.0319208719629908,0.00875117710942331,,,,-2.266516793457841,0.06705718088422466,0.05530899690286835,-0.1204815103169305,0.02658981350615536,0.02359011935005254,-1.4968358081182567,0.10530685225638732,0.09804295476685279
J1525+0757_APO_SDSS,10.1,1.0,10647.356347022687,10537.30576802883,10453.149442915881,8.282489363533154,0.018215003649135985,0.0035404246231411475,,,,-1.9432885868398986,0.017297583260936677,0.019673651608766,0.09112383915212631,0.028438432222179327,0.025036852173193177,-2.0482234624603577,0.12943095095739904,0.12520291952025447
J1545+0858_LBT_MODS,7.52,0.37,16365.003771104042,15282.953130016354,14455.502639772829,7.733720595254882,,0.00036266304922725264,-1.7308273427747793,,0.000749467708620438,-2.3016008635625655,0.0025171313982284217,0.0022483568791365166,-0.7276634097247642,0.0007339475054930806,0.0006878292952688145,-0.7231729225111625,,
J1612+0817_APO_SDSS,9.78,1.58,9378.5344682824,9484.183608674392,9564.97412779768,8.420107957785165,0.023194522283736647,0.0034064475521174446,,,,-1.7793791471824731,0.040604947663271156,0.04035727760089745,0.10023771256019313,0.018856468218784766,0.023660214417899155,-1.8312142731334968,0.08314116175895289,0.07348649112607643
